uid,counts,money,pd,weight
1000000100.0,1.0,161.0,大众型客户,1.2984486266531028
1000000096.0,1.0,159.0,低价值型客户,1.28853001017294
1000000065.0,1.0,148.0,低价值型客户,1.2339776195320447
1000000055.0,1.0,141.0,低价值型客户,1.1992624618514751
1000000019.0,1.0,136.0,大众型客户,1.1744659206510681
